{
  "getAllUserGrants" : {
    "transaction" : "getAllUserGrants",
    "sampleCount" : 120,
    "errorCount" : 36,
    "errorPct" : 30.0,
    "meanResTime" : 68040.8,
    "medianResTime" : 84604.5,
    "minResTime" : 10799.0,
    "maxResTime" : 100577.0,
    "pct1ResTime" : 99191.0,
    "pct2ResTime" : 99205.75,
    "pct3ResTime" : 100377.29,
    "throughput" : 0.4293073840870063,
    "receivedKBytesPerSec" : 1.9982637646680024,
    "sentKBytesPerSec" : 1.1369937750429309
  },
  "Total" : {
    "transaction" : "Total",
    "sampleCount" : 600,
    "errorCount" : 37,
    "errorPct" : 6.1666665,
    "meanResTime" : 34630.25999999998,
    "medianResTime" : 5131.0,
    "minResTime" : 342.0,
    "maxResTime" : 220339.0,
    "pct1ResTime" : 99495.1,
    "pct2ResTime" : 172656.74999999988,
    "pct3ResTime" : 192987.87,
    "throughput" : 2.093378643351081,
    "receivedKBytesPerSec" : 1276.1257641104623,
    "sentKBytesPerSec" : 5.544812831233559
  },
  "getNavigations" : {
    "transaction" : "getNavigations",
    "sampleCount" : 120,
    "errorCount" : 0,
    "errorPct" : 0.0,
    "meanResTime" : 1567.0583333333334,
    "medianResTime" : 1181.0,
    "minResTime" : 381.0,
    "maxResTime" : 5704.0,
    "pct1ResTime" : 2834.100000000001,
    "pct2ResTime" : 4071.299999999997,
    "pct3ResTime" : 5618.529999999997,
    "throughput" : 1.7035291445444478,
    "receivedKBytesPerSec" : 94.94344083607791,
    "sentKBytesPerSec" : 4.5033724553533405
  },
  "getAllModules" : {
    "transaction" : "getAllModules",
    "sampleCount" : 120,
    "errorCount" : 1,
    "errorPct" : 0.8333333,
    "meanResTime" : 96736.05,
    "medianResTime" : 38064.0,
    "minResTime" : 4229.0,
    "maxResTime" : 220339.0,
    "pct1ResTime" : 187536.6,
    "pct2ResTime" : 192955.34999999998,
    "pct3ResTime" : 217953.3999999999,
    "throughput" : 0.44518642181413465,
    "receivedKBytesPerSec" : 1323.332684827722,
    "sentKBytesPerSec" : 1.1618938102856613
  },
  "getAllRolesAndGrades" : {
    "transaction" : "getAllRolesAndGrades",
    "sampleCount" : 120,
    "errorCount" : 0,
    "errorPct" : 0.0,
    "meanResTime" : 5856.158333333333,
    "medianResTime" : 5234.5,
    "minResTime" : 858.0,
    "maxResTime" : 13754.0,
    "pct1ResTime" : 11510.600000000002,
    "pct2ResTime" : 12379.949999999999,
    "pct3ResTime" : 13576.969999999994,
    "throughput" : 0.44531032563317563,
    "receivedKBytesPerSec" : 4.212567550329344,
    "sentKBytesPerSec" : 1.1880740328416364
  },
  "getProjectNavs" : {
    "transaction" : "getProjectNavs",
    "sampleCount" : 120,
    "errorCount" : 0,
    "errorPct" : 0.0,
    "meanResTime" : 951.2333333333332,
    "medianResTime" : 794.0,
    "minResTime" : 342.0,
    "maxResTime" : 4088.0,
    "pct1ResTime" : 1516.1000000000001,
    "pct2ResTime" : 1896.4999999999977,
    "pct3ResTime" : 3958.009999999995,
    "throughput" : 0.5765987401317527,
    "receivedKBytesPerSec" : 3.2411906523734246,
    "sentKBytesPerSec" : 1.541725928203847
  }
}